[
 {
  "sid":"Sample_v_0_1",
  "className":"Simulink.BlockDiagram",
  "icon":"Sample_v_0_10",
  "name":"Sample_v_0_1",
  "label":"Sample_v_0_1",
  "parent":"",
  "inspector":{
   "params":[
    "ModelVersion",
    "LastModifiedDate",
    "LibraryLinkDisplay",
    "ModelBrowserVisibility",
    "Dirty",
    "Description"
   ],
   "values":[
    "1.7",
    "Fri Mar 11 15:40:42 2022",
    "disabled",
    "on",
    "off",
    ""
   ],
   "tabs":[
   ],
   "tabs_idx":[
   ]
  },
  "viewer":{
   "jshandler":"webview/handlers/ElementHandler"
  },
  "obj_viewer":[
  ],
  "finder":[
  ]
 },
 {
  "sid":"Sample_v_0_1:1",
  "className":"Simulink.SubSystem",
  "icon":"Sample_v_0_11",
  "name":"Sample_v_0_1",
  "label":"Sample_v_0_1",
  "parent":"Sample_v_0_1",
  "inspector":{
   "params":[
    "ShowPortLabels",
    "Permissions",
    "ErrorFcn",
    "PermitHierarchicalResolution",
    "TreatAsAtomicUnit",
    "TreatAsGroupedWhenPropagatingVariantConditions",
    "RTWSystemCode",
    "AllowZeroVariantControls",
    "AutoFrameSizeCalculation",
    "BlockChoice",
    "CompiledActiveChoiceBlock",
    "CompiledActiveChoiceControl",
    "ExecutionDomainType",
    "FunctionInterfaceSpec",
    "FunctionWithSeparateData",
    "IsSubsystemVirtual",
    "LabelModeActiveChoice",
    "Latency",
    "MemberBlocks",
    "MinAlgLoopOccurrences",
    "PartitionName",
    "PropagateVariantConditions",
    "RTWFcnName",
    "RTWFcnNameOpts",
    "RTWFileName",
    "RTWFileNameOpts",
    "RTWMemSecDataConstants",
    "RTWMemSecDataInternal",
    "RTWMemSecDataParameters",
    "RTWMemSecFuncExecute",
    "RTWMemSecFuncInitTerm",
    "ReferencedSubsystem",
    "ScheduleAs",
    "SetExecutionDomain",
    "SystemSampleTime",
    "TemplateBlock",
    "Variant",
    "VariantActivationTime",
    "VariantChoices",
    "VariantControl",
    "VariantControlMode"
   ],
   "values":[
    "FromPortIcon",
    "ReadWrite",
    "",
    "All",
    "off",
    "on",
    "Auto",
    "off",
    "off",
    "",
    "",
    "",
    "Deduce",
    "void_void",
    "off",
    "on",
    "",
    "0",
    "",
    "off",
    "",
    "off",
    "",
    "Auto",
    "",
    "Auto",
    "Inherit from model",
    "Inherit from model",
    "Inherit from model",
    "Inherit from model",
    "Inherit from model",
    "",
    "Sample time",
    "off",
    "-1",
    "",
    "off",
    "update diagram",
    [
    ],
    "",
    "expression"
   ],
   "tabs":[
    "기본",
    "코드 생성",
    "-Other"
   ],
   "tabs_idx":[
    0,
    6,
    7
   ]
  },
  "viewer":{
   "jshandler":"webview/handlers/ElementHandler"
  },
  "obj_viewer":[
  ],
  "finder":{
   "blocktype":"SubSystem",
   "masktype":""
  }
 },
 {
  "sid":"Sample_v_0_1:4",
  "className":"Stateflow.Chart",
  "icon":"Sample_v_0_14",
  "name":"Sample_State_Chart",
  "label":"Sample_State_Chart",
  "parent":"Sample_v_0_1:1",
  "inspector":{
   "params":[
    "ActionLanguage",
    "StateMachineType",
    "ChartUpdate",
    "SampleTime",
    "UserSpecifiedStateTransitionExecutionOrder",
    "ExportChartFunctions",
    "AllowGlobalAccessToExportedFunctions",
    "ExecuteAtInitialization",
    "InitializeOutput",
    "EnableNonTerminalStates",
    "SupportVariableSizing",
    "SaturateOnIntegerOverflow",
    "GeneratePreprocessorConditionals",
    "HasOutputData",
    "OutputMonitoringMode",
    "EmlDefaultFimath",
    "TreatAsFi",
    "Description",
    "Document"
   ],
   "values":[
    "MATLAB",
    "Classic",
    "INHERITED",
    "-1",
    true,
    false,
    false,
    false,
    false,
    false,
    true,
    true,
    false,
    false,
    "ChildActivity",
    "Same as MATLAB Default",
    "Fixed-point",
    "",
    ""
   ],
   "tabs":[
    "일반",
    "고정소수점 속성",
    "문서"
   ],
   "tabs_idx":[
    0,
    15,
    17
   ]
  },
  "viewer":{
   "jshandler":"webview/handlers/ElementHandler"
  },
  "obj_viewer":[
  ],
  "finder":[
  ]
 }
]