[
 {
  "hid":1,
  "sid":"Sample_v_0_1",
  "esid":"",
  "parent":0,
  "children":[
   2
  ],
  "name":"Sample_v_0_1",
  "fullname":"Sample_v_0_1",
  "label":"Sample_v_0_1",
  "icon":"Sample_v_0_10",
  "svg":"support/slwebview_files/Sample_v_0_1_d.svg",
  "thumbnail":"support/slwebview_files/Sample_v_0_1_d.png",
  "backingUrl":"support/slwebview_files/Sample_v_0_1_d.json",
  "elements":[
   ":1",
   ":12",
   ":13",
   ":14",
   ":15",
   ":16",
   ":17",
   ":18",
   ":12#out:1",
   ":13#out:1",
   ":14#out:1",
   ":15#out:1",
   ":1#out:1",
   ":1#out:2",
   ":1#out:3"
  ],
  "sameAsElement":false
 },
 {
  "hid":2,
  "sid":"Sample_v_0_1:1",
  "esid":"Sample_v_0_1:1",
  "parent":1,
  "children":[
   3
  ],
  "name":"Sample_v_0_1",
  "fullname":"Sample_v_0_1/Sample_v_0_1",
  "label":"Sample_v_0_1",
  "icon":"Sample_v_0_11",
  "svg":"support/slwebview_files/Sample_v_0_1_1_d.svg",
  "thumbnail":"support/slwebview_files/Sample_v_0_1_1_d.png",
  "backingUrl":"support/slwebview_files/Sample_v_0_1_1_d.json",
  "elements":[
   ":4",
   ":5",
   ":6",
   ":7",
   ":8",
   ":9",
   ":10",
   ":11",
   ":6#out:1",
   ":7#out:1",
   ":8#out:1",
   ":4#out:1",
   ":4#out:2",
   ":4#out:3",
   ":5#out:1"
  ],
  "sameAsElement":true
 },
 {
  "hid":3,
  "sid":"Sample_v_0_1:4",
  "esid":"Sample_v_0_1:4",
  "parent":2,
  "children":[
  ],
  "name":"Sample_State_Chart",
  "fullname":"Sample_v_0_1/Sample_v_0_1/Sample_State_Chart",
  "label":"Sample_State_Chart",
  "icon":"Sample_v_0_14",
  "svg":"support/slwebview_files/Sample_v_0_1_4_d.svg",
  "thumbnail":"support/slwebview_files/Sample_v_0_1_4_d.png",
  "backingUrl":"support/slwebview_files/Sample_v_0_1_4_d.json",
  "elements":[
  ],
  "sameAsElement":false
 }
]