{
 "baseUrl":"support/slwebview_files",
 "homeHid":1,
 "initialElement":"",
 "sections":[
  {
   "hid":1,
   "sid":"Sample_v_0_1",
   "name":"Sample_v_0_1",
   "fullname":"Sample_v_0_1",
   "label":"Sample_v_0_1",
   "parent":0,
   "descendants":[
    2,
    3
   ],
   "hierarchyUrl":"support/slwebview_files/Sample_v_0_1_h_1.json",
   "backingUrl":"support/slwebview_files/Sample_v_0_1_m.json"
  }
 ],
 "optViews":[
 ],
 "display":{
  "informer":false
 },
 "iconsUrl":"support/slwebview_files/Sample_v_0_1_icons.css"
}